,h0,h1,h2,h3,h4,h5,h6,h7,h8,h9,h10,h11,h12,h13,h14,h15,h16,h17,h18,h19,h20,h21,h22,h23
2015-11-30 00:00:00,33.03,28.56,31.18,15.19,19.03,26.68,44.54,56.43,56.93,48.02,54.01,54.27,45.92,40.82,35.79,35.38,37.89,47.0,53.76,54.67,43.43,39.29,40.45,42.82
2015-12-01 00:00:00,28.05,28.51,28.03,23.84,24.23,25.19,47.74,57.48,50.47,48.2,47.37,45.88,42.5,44.93,45.6,45.52,48.4,58.55,72.46,65.07,53.71,46.54,49.74,47.34
2015-12-02 00:00:00,44.7,44.82,41.87,34.66,32.61,34.81,46.08,56.3,63.47,59.36,55.2,54.47,56.35,49.61,54.8,57.24,54.29,68.28,76.09,74.87,60.01,52.67,54.59,52.59
2015-12-03 00:00:00,34.54,30.5,34.7,29.08,29.94,35.35,42.93,58.53,59.27,56.12,57.24,52.43,50.0,48.54,47.2,46.93,50.12,57.98,75.37,61.47,48.05,37.79,39.77,32.72
2015-12-04 00:00:00,33.8,27.99,27.8,20.2,17.4,24.48,35.0,55.0,54.83,56.39,56.54,51.86,44.2,45.3,37.6,38.0,42.82,49.09,47.42,44.2,43.98,37.44,43.51,52.43
2015-12-05 00:00:00,47.54,42.27,36.39,25.79,19.06,22.44,31.36,35.89,36.28,42.12,38.87,39.44,44.96,40.24,35.33,27.94,33.69,50.01,56.67,56.77,50.38,43.62,45.64,41.53
2015-12-06 00:00:00,48.92,40.36,22.92,13.64,11.61,10.86,18.94,21.83,26.1,38.77,41.59,43.51,49.12,45.98,28.16,29.47,32.46,46.91,51.67,49.5,42.38,38.98,36.18,33.93
2015-12-07 00:00:00,26.21,27.87,23.08,23.71,24.22,27.47,40.5,48.18,49.9,50.86,47.92,47.91,46.92,45.99,45.38,43.63,48.42,52.85,51.27,51.61,43.08,38.2,40.0,37.21
2015-12-08 00:00:00,26.89,28.05,26.86,24.62,24.62,26.79,30.74,48.78,47.52,43.75,38.35,40.21,37.84,34.1,39.07,41.9,43.78,52.52,54.64,51.86,45.01,54.83,31.31,45.52
2015-12-09 00:00:00,25.57,35.34,27.75,37.34,34.72,35.94,45.0,63.29,65.69,64.63,67.09,53.66,47.44,47.92,49.05,60.36,65.0,69.18,75.17,70.19,57.6,42.01,42.61,45.0
2015-12-10 00:00:00,39.21,39.43,38.33,31.11,29.6,36.59,47.57,55.7,56.26,55.5,54.19,57.59,57.79,54.04,48.75,49.07,49.6,64.78,72.56,61.44,56.25,50.15,46.27,45.0
2015-12-11 00:00:00,42.06,39.27,36.89,34.33,31.92,35.07,44.99,53.16,57.89,58.76,54.5,52.52,51.06,46.89,44.57,43.06,43.58,56.12,52.89,51.63,46.01,40.88,44.89,47.84
2015-12-12 00:00:00,48.33,44.61,43.0,37.09,33.18,37.03,45.4,49.36,47.27,49.5,50.12,50.04,50.0,46.13,32.38,30.06,33.78,40.0,42.96,41.0,35.22,29.94,30.0,30.0
2015-12-13 00:00:00,33.61,32.91,32.0,24.5,27.68,32.28,30.99,32.88,35.0,31.85,40.82,45.47,57.89,52.44,32.95,34.26,36.78,44.2,49.88,49.12,44.5,37.93,43.0,44.39
2015-12-14 00:00:00,32.44,31.49,29.5,27.84,27.45,29.65,41.26,53.46,56.7,59.03,59.27,56.76,54.02,51.4,50.37,50.04,50.97,63.27,67.28,61.3,52.51,41.68,45.09,45.67
2015-12-15 00:00:00,40.08,39.01,35.5,31.0,29.11,33.8,40.59,49.99,55.03,54.97,53.58,52.81,51.96,51.71,49.6,50.04,50.96,55.25,53.43,47.98,41.8,34.51,37.49,35.75
2015-12-16 00:00:00,30.81,29.18,28.38,27.05,27.38,28.08,38.96,45.64,45.44,44.39,42.44,44.0,42.32,43.01,40.2,41.37,41.67,45.47,43.23,41.89,38.62,34.17,33.74,39.23
2015-12-17 00:00:00,23.1,22.42,21.25,19.55,20.24,23.45,31.21,40.49,41.4,41.38,40.02,40.87,36.21,35.34,34.74,35.2,39.19,41.4,40.01,39.03,36.73,32.23,34.03,34.76
2015-12-18 00:00:00,31.09,26.98,25.72,21.88,22.58,27.72,35.75,42.12,40.2,40.2,40.2,38.01,40.0,38.23,34.95,34.64,39.03,42.0,42.11,41.99,35.67,30.32,31.66,37.75
2015-12-19 00:00:00,33.11,29.64,23.29,23.34,19.62,19.04,21.93,28.42,30.93,38.83,38.77,37.4,37.23,32.41,29.89,31.21,33.01,39.37,38.99,32.72,29.45,25.36,29.32,28.27
2015-12-20 00:00:00,19.94,15.96,14.29,11.36,12.51,7.75,9.77,11.21,16.18,19.07,19.98,20.95,21.84,22.64,20.64,18.88,25.33,33.54,37.84,37.51,33.42,25.54,29.78,30.1
2015-12-21 00:00:00,23.0,19.72,19.75,12.81,13.39,17.6,27.4,40.87,44.38,44.89,41.3,40.35,37.96,38.08,32.73,30.87,39.74,47.08,47.44,47.3,47.3,35.58,38.17,36.36
2015-12-22 00:00:00,33.25,23.71,29.61,8.71,7.95,12.46,22.33,40.86,38.92,41.13,38.45,38.2,40.33,39.94,37.05,33.4,34.98,41.38,41.66,40.98,33.1,34.82,39.99,28.32
2015-12-23 00:00:00,15.52,11.34,9.34,2.49,3.45,14.05,28.2,32.5,39.84,35.08,38.67,43.57,39.39,39.47,38.04,38.26,33.08,40.93,45.48,44.37,34.1,35.01,30.54,29.27
2015-12-24 00:00:00,25.94,20.2,17.27,15.28,10.52,10.5,14.53,25.97,31.06,31.25,31.7,26.8,25.22,22.02,21.37,21.11,22.1,26.24,32.55,35.32,30.94,30.79,30.89,32.76
2015-12-25 00:00:00,21.63,22.08,15.27,5.73,6.56,12.25,8.51,15.86,15.1,20.57,20.24,20.59,20.66,18.63,17.71,17.7,20.05,25.99,30.57,29.43,27.6,24.92,26.0,23.73
2015-12-26 00:00:00,18.38,11.5,6.96,1.28,1.14,5.32,9.12,7.32,12.24,16.34,18.95,21.68,30.39,21.88,23.81,16.83,20.0,24.62,33.55,28.97,22.47,18.32,21.98,22.56
2015-12-27 00:00:00,15.23,13.99,13.1,11.01,6.85,3.93,7.58,7.69,13.27,16.6,16.85,16.22,18.6,16.29,16.45,17.95,22.07,31.55,35.7,35.71,32.96,31.83,31.65,27.47
2015-12-28 00:00:00,26.26,20.35,17.75,16.01,16.98,22.05,26.0,34.98,38.81,41.4,39.87,36.04,36.0,33.4,32.53,33.15,36.9,42.98,43.38,35.91,30.38,27.6,27.43,27.35
2015-12-29 00:00:00,21.02,18.7,17.42,14.16,14.49,19.81,27.18,27.95,30.38,39.13,37.44,40.0,42.47,39.56,35.47,36.02,41.81,52.0,55.86,49.98,38.39,34.95,33.28,29.94
2015-12-30 00:00:00,29.26,28.52,23.55,18.01,15.95,20.78,23.71,29.23,36.92,36.21,37.67,35.0,32.13,28.46,27.44,27.53,30.68,43.38,40.72,38.93,37.62,26.5,33.91,33.11
2015-12-31 00:00:00,14.46,12.71,11.88,11.51,6.21,7.79,17.33,22.27,25.0,26.88,27.0,27.57,28.42,28.31,27.48,29.0,32.87,40.03,40.25,36.79,28.81,26.27,29.99,31.59
2016-01-01 00:00:00,23.86,22.39,20.59,16.81,17.41,17.02,15.86,18.16,17.73,19.77,23.75,26.03,27.06,26.59,25.0,20.06,19.43,24.57,33.11,35.34,33.07,29.52,30.1,24.57
2016-01-02 00:00:00,22.2,16.57,15.35,12.77,11.27,11.91,12.62,14.32,18.5,21.3,25.47,26.12,30.56,27.4,23.4,19.86,22.5,34.8,44.65,39.0,35.0,27.54,32.18,37.41
2016-01-03 00:00:00,21.39,18.91,19.07,12.4,7.83,9.99,6.25,8.61,12.59,18.57,21.87,23.93,24.22,24.51,20.78,18.54,18.76,22.21,26.76,27.32,25.33,22.11,23.49,22.09
2016-01-04 00:00:00,13.78,13.8,12.3,7.65,7.66,11.5,19.79,33.12,37.32,33.46,33.24,35.09,35.0,35.0,34.94,34.92,38.0,41.21,42.95,41.96,34.94,30.66,30.0,23.9
2016-01-05 00:00:00,25.03,24.42,22.34,21.5,20.0,23.53,28.96,38.32,41.45,40.72,40.66,40.33,38.25,36.98,34.91,33.5,35.1,42.44,42.94,43.02,38.62,35.03,34.02,35.94
2016-01-06 00:00:00,26.62,25.58,24.59,22.5,23.16,24.99,26.62,38.92,41.42,40.61,39.07,40.08,40.73,38.26,35.44,36.92,41.28,44.95,46.9,43.95,39.94,32.4,33.51,30.11
2016-01-07 00:00:00,26.41,26.05,24.93,22.39,22.32,24.2,31.0,42.47,42.97,41.93,41.62,41.5,40.66,40.33,36.51,33.49,34.19,40.66,40.8,39.69,31.94,32.44,33.39,29.27
2016-01-08 00:00:00,14.44,18.6,16.51,15.42,15.17,18.21,24.28,33.0,44.47,35.0,33.0,36.91,36.13,36.13,32.45,32.08,37.16,45.0,46.97,40.09,34.61,31.52,32.5,29.87
2016-01-09 00:00:00,26.1,25.1,24.3,23.23,21.96,22.45,23.07,25.0,32.11,37.12,36.13,35.76,34.06,31.54,27.92,27.0,30.5,36.99,36.8,35.0,29.0,25.01,25.1,22.28
2016-01-10 00:00:00,15.58,19.05,17.01,12.75,10.81,10.85,9.85,14.0,16.59,19.61,20.3,21.98,23.48,21.4,20.85,21.66,23.92,26.9,35.0,33.0,31.08,27.44,26.93,23.12
2016-01-11 00:00:00,21.95,20.04,19.78,19.36,19.56,21.67,28.5,41.61,45.93,44.0,41.94,41.96,38.95,37.58,39.88,37.5,37.95,41.6,42.88,40.0,33.09,30.09,32.89,27.65
2016-01-12 00:00:00,21.51,19.81,19.1,15.74,14.2,20.19,24.38,35.92,40.5,41.0,38.66,36.46,35.0,33.3,32.21,33.0,36.08,41.94,46.36,43.92,36.96,29.99,29.73,26.3
2016-01-13 00:00:00,21.0,19.66,18.13,16.07,18.05,20.83,24.1,44.46,44.8,45.2,44.8,44.8,44.23,40.54,38.46,37.44,39.58,43.0,49.2,48.5,39.58,33.4,36.75,35.0
2016-01-14 00:00:00,26.31,23.06,22.22,22.03,22.53,23.9,32.74,40.4,46.35,44.8,45.87,45.4,46.13,47.85,44.95,42.99,42.34,47.29,41.53,34.91,40.4,33.88,34.5,29.57
2016-01-15 00:00:00,34.4,27.67,24.36,23.5,22.94,26.57,32.61,42.55,47.01,47.44,47.56,46.95,44.0,42.05,39.99,37.65,38.0,45.26,48.04,48.56,43.02,41.12,40.61,38.87
2016-01-16 00:00:00,31.49,28.95,25.58,24.73,24.08,25.32,24.77,27.54,33.12,38.14,39.77,38.8,36.85,35.8,33.11,31.89,33.97,39.77,40.03,38.14,42.52,25.9,29.92,27.0
2016-01-17 00:00:00,22.6,20.25,20.76,20.97,20.89,21.64,20.78,23.09,24.3,26.54,30.11,36.29,32.44,26.93,26.4,27.29,31.94,39.49,42.8,39.23,33.3,27.04,27.05,26.3
2016-01-18 00:00:00,36.35,34.12,30.91,25.63,23.51,30.37,36.62,50.23,49.98,50.54,50.37,50.06,49.1,50.53,51.09,51.13,49.66,62.55,68.71,61.45,53.01,49.6,47.52,44.44
2016-01-19 00:00:00,35.15,34.24,35.15,29.66,29.39,37.65,42.26,54.1,65.61,65.35,64.14,61.94,58.98,58.53,55.81,55.5,56.21,70.07,89.95,78.19,58.84,51.47,48.07,43.41
2016-01-20 00:00:00,37.8,30.1,28.67,31.58,31.79,36.15,41.06,55.08,61.08,62.67,64.81,61.92,58.6,57.81,54.95,52.42,72.01,103.4,127.65,91.21,63.19,55.19,50.71,44.81
2016-01-21 00:00:00,39.94,38.18,35.67,34.76,34.34,36.28,42.45,70.01,86.46,84.91,74.94,70.12,59.91,57.69,57.99,61.05,57.43,86.14,88.45,61.12,50.51,43.78,41.23,41.64
2016-01-22 00:00:00,35.33,34.15,33.1,32.57,30.94,29.72,35.81,48.35,52.5,52.51,50.37,49.06,50.37,44.18,41.0,37.77,37.24,43.52,46.73,42.77,37.36,33.51,36.41,37.3
2016-01-23 00:00:00,24.44,28.84,24.84,22.99,22.68,24.89,30.91,29.82,31.12,34.31,35.65,36.57,38.24,34.38,29.44,29.79,29.7,36.97,42.6,39.38,34.25,30.09,33.25,24.94
2016-01-24 00:00:00,23.2,23.6,21.4,23.24,22.54,23.41,21.41,30.55,31.67,33.14,33.98,34.0,34.93,31.08,24.84,23.99,25.04,32.88,36.09,35.3,31.39,31.68,32.98,31.39
2016-01-25 00:00:00,31.05,30.04,24.52,22.77,20.33,24.47,32.01,40.66,40.8,38.63,36.62,35.6,34.75,32.26,30.61,29.73,31.17,34.96,37.94,36.53,31.52,25.32,23.93,26.18
2016-01-26 00:00:00,20.23,18.02,19.96,17.92,18.73,21.91,27.09,38.51,42.1,42.1,39.09,37.22,35.15,33.84,31.07,30.09,30.62,32.87,35.4,30.0,29.94,22.43,24.1,28.8
2016-01-27 00:00:00,24.95,21.9,21.19,14.59,12.45,17.96,26.79,31.17,32.44,32.75,31.19,35.0,31.05,28.72,27.06,25.62,26.87,31.52,33.74,30.62,28.87,24.72,27.21,19.33
2016-01-28 00:00:00,17.09,16.78,15.75,13.16,13.23,17.39,23.41,34.26,31.39,32.27,34.54,36.24,35.13,34.48,31.73,31.02,33.58,39.05,42.44,42.0,29.96,27.56,28.18,28.18
2016-01-29 00:00:00,28.79,21.17,19.06,18.08,16.06,19.63,27.82,38.78,36.5,37.68,36.5,34.42,36.5,35.08,28.62,27.81,26.2,30.0,34.94,31.32,27.2,25.85,27.11,29.61
2016-01-30 00:00:00,18.51,18.17,18.67,16.44,10.54,12.45,13.69,19.59,19.39,25.0,22.36,21.56,22.74,20.3,18.45,18.69,18.43,22.05,28.44,28.28,22.55,18.75,25.0,24.75
2016-01-31 00:00:00,10.25,6.27,7.9,7.88,6.41,6.68,8.22,12.44,15.63,16.97,19.76,26.4,21.37,26.33,16.5,15.68,17.23,22.44,26.28,26.05,23.02,18.88,18.79,16.45
2016-02-01 00:00:00,16.31,14.42,15.07,10.31,7.14,13.29,23.93,35.9,37.99,36.05,33.34,29.24,29.71,27.39,27.26,27.04,20.1,27.66,38.48,38.61,33.36,20.84,16.73,19.99
2016-02-02 00:00:00,14.32,10.27,8.1,4.73,4.06,9.52,21.12,30.54,31.6,31.18,31.79,31.99,31.92,27.14,25.37,25.27,26.2,30.0,38.94,37.64,29.61,24.6,27.78,27.6
2016-02-03 00:00:00,17.59,13.34,12.4,10.75,11.24,15.22,21.41,33.25,35.0,33.96,29.63,28.16,25.53,25.78,25.15,23.26,26.4,32.62,36.69,36.19,30.13,23.75,25.42,29.0
2016-02-04 00:00:00,18.04,17.78,16.52,15.46,14.57,17.01,22.43,31.96,31.65,28.86,29.19,30.22,27.97,26.87,25.85,27.94,27.81,35.0,42.18,39.01,32.04,26.96,27.83,23.98
2016-02-05 00:00:00,24.61,23.0,22.22,20.1,21.18,21.18,28.04,37.75,38.3,37.25,36.5,35.94,34.36,31.95,27.74,25.33,24.78,29.96,33.09,31.6,27.7,26.03,25.79,23.8
2016-02-06 00:00:00,18.48,15.96,16.2,14.71,14.16,14.34,15.25,17.44,19.47,20.47,19.41,18.29,17.63,16.56,14.56,15.52,17.01,19.97,23.15,22.19,17.23,14.53,16.33,15.34
2016-02-07 00:00:00,10.3,10.5,9.76,7.71,6.91,5.93,3.98,5.96,8.67,11.58,17.24,16.25,17.12,14.51,12.79,11.54,13.59,16.64,27.01,22.05,18.49,15.22,16.72,11.3
2016-02-08 00:00:00,10.02,8.31,7.12,3.78,5.13,8.15,20.0,29.76,32.32,29.59,29.98,29.05,28.42,26.41,25.77,24.07,23.17,27.7,36.3,34.32,26.36,23.72,23.76,22.84
2016-02-09 00:00:00,23.88,18.47,16.86,10.05,9.19,14.02,19.29,30.97,33.43,31.53,27.8,29.78,27.03,28.69,27.44,26.97,27.24,31.01,39.98,34.06,29.99,25.83,24.74,24.92
2016-02-10 00:00:00,17.75,14.64,14.32,14.35,15.02,16.2,22.8,30.59,32.05,34.02,34.94,33.95,32.2,27.74,27.44,27.77,28.68,32.1,40.3,43.68,37.94,33.04,31.17,28.3
2016-02-11 00:00:00,23.82,21.48,19.1,17.75,18.6,20.0,27.85,36.67,42.31,42.07,39.87,32.72,30.26,32.0,33.43,30.0,32.05,36.0,41.02,41.95,36.85,30.96,29.28,26.11
2016-02-12 00:00:00,22.81,21.59,21.3,19.86,20.69,21.64,27.18,36.43,37.3,34.97,34.7,33.48,30.0,26.93,25.62,25.0,27.18,34.56,40.36,35.56,29.96,26.45,27.18,26.03
2016-02-13 00:00:00,22.23,21.1,20.21,19.94,19.9,19.98,19.9,21.48,28.38,30.36,30.09,29.84,26.75,23.93,21.37,21.15,20.96,24.69,30.37,26.9,22.44,20.42,21.57,20.75
2016-02-14 00:00:00,13.06,13.93,9.01,7.73,7.72,8.0,8.46,10.91,12.88,17.51,17.68,18.01,19.06,18.35,16.95,15.13,16.96,21.21,29.94,30.38,26.98,20.21,20.33,17.96
2016-02-15 00:00:00,16.57,16.0,14.66,13.14,12.68,14.65,24.93,35.87,30.11,34.57,30.91,29.93,27.22,25.39,24.81,24.4,24.93,28.45,37.92,39.49,35.83,29.43,25.87,25.89
2016-02-16 00:00:00,25.99,23.65,22.91,22.04,21.83,22.74,29.39,40.43,42.46,42.42,37.91,35.72,34.01,32.77,31.7,32.09,34.88,39.81,53.46,51.73,45.29,28.28,26.26,22.96
2016-02-17 00:00:00,26.34,22.83,25.0,24.0,23.22,24.0,29.64,35.01,39.75,45.56,44.32,41.03,38.55,38.66,38.76,37.3,37.88,41.15,49.66,53.94,44.14,38.58,35.78,33.8
2016-02-18 00:00:00,28.16,24.59,25.43,20.91,19.89,21.8,31.02,42.17,44.86,45.73,44.21,41.01,37.77,36.42,36.49,36.3,38.19,40.5,52.38,48.74,43.75,37.72,34.53,32.82
2016-02-19 00:00:00,29.86,26.15,25.56,22.19,22.37,26.06,31.81,42.21,44.62,44.47,43.09,41.3,31.86,30.0,32.75,28.79,26.36,30.04,32.54,33.0,29.4,27.96,23.38,21.09
2016-02-20 00:00:00,18.3,17.0,12.99,11.82,12.03,12.26,9.54,15.57,17.8,22.46,23.45,23.95,23.32,21.57,22.43,18.89,18.31,20.81,24.87,24.55,20.67,17.79,18.58,18.35
2016-02-21 00:00:00,11.32,8.86,8.05,6.79,5.13,4.94,4.94,4.69,8.91,12.76,14.38,15.64,15.6,12.39,7.78,8.44,10.02,14.34,19.01,22.0,19.08,17.37,17.51,18.36
2016-02-22 00:00:00,7.72,8.35,7.15,4.97,5.39,8.38,18.05,26.38,27.92,31.97,32.96,29.76,27.53,24.52,23.98,23.91,23.92,27.93,40.13,39.45,29.37,24.69,25.08,24.95
2016-02-23 00:00:00,27.45,22.36,21.12,17.47,17.83,20.96,27.32,34.25,37.14,36.35,35.66,32.92,34.9,32.82,31.54,31.54,31.57,30.08,36.75,33.35,32.8,23.51,28.81,26.89
2016-02-24 00:00:00,23.99,22.8,22.17,18.74,18.07,20.76,24.39,33.69,37.02,41.0,34.02,29.1,23.8,24.96,25.0,24.0,27.49,32.45,39.56,44.15,38.09,34.34,31.8,29.2
2016-02-25 00:00:00,24.04,22.58,21.26,20.09,19.94,21.7,27.19,36.04,38.29,34.44,32.12,30.44,27.68,26.52,25.0,24.78,25.39,31.16,39.91,41.0,40.7,26.99,26.65,25.0
2016-02-26 00:00:00,25.44,23.0,21.11,20.0,21.02,22.07,27.35,32.93,36.08,33.48,32.6,29.5,27.57,25.06,24.0,25.11,26.94,33.98,39.94,37.55,31.18,26.35,26.86,25.0
2016-02-27 00:00:00,26.94,23.02,21.77,19.76,19.83,20.16,21.18,22.76,25.71,26.79,24.9,23.23,22.03,19.93,19.68,19.93,20.21,24.97,32.04,31.91,25.72,21.74,23.1,23.4
2016-02-28 00:00:00,19.9,18.39,18.01,17.62,17.31,17.46,17.51,17.58,17.9,19.02,19.01,19.02,16.6,14.06,12.45,12.21,13.26,19.11,24.6,26.98,21.81,20.15,20.44,20.19
2016-02-29 00:00:00,22.86,18.84,17.6,17.42,17.01,20.0,28.23,35.72,34.0,31.49,30.63,30.12,27.69,24.5,22.76,22.78,23.4,26.58,34.03,41.54,38.62,35.18,32.51,32.88
2016-03-01 00:00:00,25.45,22.42,24.44,24.36,25.0,24.14,34.1,37.59,40.94,41.3,38.55,36.07,33.24,33.1,30.0,29.43,26.3,26.95,31.63,36.97,35.95,32.41,29.61,22.52
2016-03-02 00:00:00,24.51,18.44,14.59,14.12,14.36,15.91,21.45,34.43,30.07,33.12,29.88,28.0,27.43,26.0,25.92,28.06,28.56,31.99,40.0,41.2,31.0,28.75,28.04,30.41
2016-03-03 00:00:00,21.53,19.77,18.64,17.93,18.26,19.38,24.58,31.02,31.04,31.81,32.23,31.94,31.45,30.53,30.06,30.97,30.96,32.85,42.71,42.92,37.07,32.69,32.03,29.12
2016-03-04 00:00:00,26.92,24.1,21.25,19.19,18.99,20.18,26.92,31.73,33.97,33.17,32.05,37.11,33.94,32.52,34.16,30.0,29.79,31.24,33.99,38.57,37.44,33.95,33.94,28.96
2016-03-05 00:00:00,33.04,24.35,19.68,18.96,18.88,19.01,19.16,20.75,24.55,27.22,32.18,25.93,24.93,23.49,21.29,20.57,21.25,25.92,34.02,35.0,27.86,24.44,25.18,25.12
2016-03-06 00:00:00,20.69,19.94,19.13,18.69,18.58,18.83,18.65,18.78,19.28,19.99,20.26,20.51,20.04,19.14,18.24,18.23,18.73,20.57,28.93,31.62,29.17,26.1,27.44,27.09
2016-03-07 00:00:00,25.45,23.3,22.23,20.02,20.44,21.87,34.08,39.5,45.59,43.16,40.25,38.08,32.84,29.29,27.72,27.1,30.07,34.47,48.29,49.3,34.47,31.26,30.38,24.5
2016-03-08 00:00:00,22.39,22.91,22.81,22.0,21.67,22.7,27.44,37.73,40.23,37.46,35.78,32.69,28.97,33.59,30.72,30.84,27.92,33.1,44.93,45.51,36.05,27.57,29.01,27.69
2016-03-09 00:00:00,23.8,22.63,20.94,20.08,20.01,21.14,24.95,31.92,37.56,32.51,27.44,24.84,23.93,24.58,23.21,24.21,24.83,33.0,38.77,48.73,29.81,25.8,27.51,25.91
2016-03-10 00:00:00,32.97,27.08,27.28,24.75,24.26,25.11,28.48,35.44,45.4,44.34,37.99,35.53,26.35,25.0,25.0,24.89,25.03,29.95,35.49,44.96,36.29,30.87,28.28,30.96
2016-03-11 00:00:00,28.73,26.75,24.07,22.29,21.75,25.29,29.95,35.73,38.34,36.69,32.91,32.1,31.2,27.03,25.01,24.92,24.88,27.9,32.55,35.69,34.87,27.15,31.53,32.55
2016-03-12 00:00:00,29.01,26.1,25.69,24.5,23.26,24.5,25.45,25.51,28.91,30.09,29.26,28.44,27.6,25.01,23.38,22.96,23.67,27.07,34.09,36.97,35.0,30.17,30.91,30.0
2016-03-13 00:00:00,26.51,22.84,21.67,21.05,21.12,21.17,21.11,21.08,21.31,21.69,21.73,21.69,21.07,19.4,15.56,14.5,15.26,20.19,26.08,33.55,31.05,27.24,28.93,26.63
2016-03-14 00:00:00,23.28,20.7,20.22,19.99,20.36,23.56,31.57,35.43,35.81,31.75,28.82,24.33,23.31,22.84,22.55,23.04,24.8,29.27,39.48,47.92,34.32,29.48,26.37,28.94
2016-03-15 00:00:00,25.74,22.41,21.17,20.74,20.91,25.47,35.07,40.74,42.71,43.59,36.09,34.31,30.93,27.44,24.78,23.71,23.3,25.45,31.91,35.39,33.69,26.87,33.76,24.39
2016-03-16 00:00:00,24.11,23.7,23.14,20.06,20.49,23.23,29.81,34.9,35.26,35.81,34.11,29.23,25.16,25.49,22.43,22.44,24.58,29.92,35.6,41.27,34.73,31.0,32.06,28.8
2016-03-17 00:00:00,23.08,22.56,23.65,22.67,23.23,25.06,33.9,38.16,40.46,34.72,32.76,27.68,23.39,23.33,22.69,26.08,25.85,31.92,38.81,46.69,37.76,30.98,33.71,33.03
2016-03-18 00:00:00,35.13,30.43,27.37,26.32,25.84,28.42,35.47,39.07,44.2,39.78,37.24,36.29,31.31,27.53,25.38,23.46,24.42,27.82,33.99,39.3,33.91,27.09,26.92,29.38
2016-03-19 00:00:00,35.0,30.73,29.59,24.43,23.59,24.59,29.37,29.77,29.38,28.58,26.96,25.08,28.29,24.65,21.26,20.93,21.3,24.0,31.21,35.42,32.59,24.84,26.38,28.78
2016-03-20 00:00:00,27.66,23.97,20.82,20.4,20.0,20.07,19.75,19.19,18.94,19.18,21.03,21.6,22.7,15.99,15.14,15.18,15.29,20.48,25.14,36.6,34.62,31.39,31.39,33.68
2016-03-21 00:00:00,27.6,25.99,24.98,21.0,21.62,25.65,32.01,37.64,38.11,38.75,36.9,35.78,31.89,31.84,32.25,27.76,26.17,29.61,34.05,39.76,36.61,33.41,34.55,31.82
2016-03-22 00:00:00,30.95,27.41,27.12,26.45,25.34,27.17,32.32,36.36,37.94,37.29,36.04,34.87,32.12,31.53,30.52,29.29,30.08,34.01,36.73,40.64,38.1,33.05,33.08,31.23
2016-03-23 00:00:00,29.81,27.81,25.03,22.97,22.34,24.41,28.94,36.09,36.51,35.0,33.25,32.19,31.6,29.51,26.68,24.64,24.18,28.0,32.44,37.16,36.66,32.84,31.93,30.02
2016-03-24 00:00:00,24.86,23.04,22.12,21.38,21.75,23.08,31.49,35.0,34.94,32.4,31.69,31.0,28.62,27.27,26.5,25.35,26.6,30.0,32.47,35.18,33.97,32.29,31.59,28.24
2016-03-25 00:00:00,25.0,20.95,20.92,20.0,20.01,20.3,23.31,29.64,27.44,27.44,27.26,28.91,27.87,27.06,26.01,24.44,23.5,26.1,29.44,33.08,32.95,31.48,31.74,30.0
2016-03-26 00:00:00,29.74,24.29,21.11,20.0,20.0,20.01,20.01,21.69,22.49,24.0,21.6,19.97,19.06,18.07,16.28,10.59,10.54,19.39,21.32,22.12,20.75,18.35,18.11,15.71
2016-03-27 00:00:00,7.33,9.16,9.16,9.67,8.19,8.0,10.36,9.66,9.14,14.29,13.04,13.18,12.91,9.19,6.49,4.39,3.91,-0.59,14.94,19.26,22.86,20.36,19.98,18.5
2016-03-28 00:00:00,12.88,8.28,7.43,6.5,5.27,6.28,5.86,7.74,9.27,13.96,12.31,15.38,18.12,7.71,6.99,11.53,12.2,12.88,11.02,18.23,18.01,21.45,17.36,17.11
2016-03-29 00:00:00,16.34,14.36,12.85,10.93,8.3,13.49,25.35,33.88,37.69,37.89,35.49,31.59,30.0,30.2,29.81,30.06,29.43,26.79,30.5,35.79,39.54,32.64,30.67,28.95
2016-03-30 00:00:00,24.9,22.0,20.87,19.92,20.18,21.65,29.6,32.15,37.73,38.08,35.59,33.93,25.66,30.31,28.17,26.58,25.64,29.04,31.9,37.44,37.0,35.92,31.61,28.67
2016-03-31 00:00:00,23.34,22.27,21.5,21.11,21.29,22.86,29.08,36.09,40.96,36.46,34.64,33.95,30.03,30.03,27.92,25.12,24.73,24.93,27.44,31.07,31.99,27.82,26.6,24.01
2016-04-01 00:00:00,23.25,20.98,21.19,20.64,21.13,21.78,29.73,36.5,40.44,38.1,36.86,36.04,34.45,33.29,30.87,23.0,27.47,31.73,33.03,33.36,35.14,35.19,34.9,32.13
2016-04-02 00:00:00,24.12,21.31,21.28,19.84,19.91,20.09,20.65,22.29,30.6,28.72,29.0,20.41,20.24,18.09,15.58,16.94,18.73,20.12,23.41,28.2,30.43,30.1,26.79,23.14
2016-04-03 00:00:00,19.59,18.07,17.5,14.7,13.08,12.4,13.32,14.6,17.48,18.22,17.36,17.22,17.76,12.0,5.26,2.46,0.45,4.72,8.4,19.62,18.42,25.01,24.32,20.9
2016-04-04 00:00:00,21.0,19.59,19.15,18.75,18.72,20.39,29.1,34.19,35.42,32.08,29.62,25.1,21.98,22.66,22.07,29.28,27.57,29.25,32.96,35.05,36.1,35.6,30.3,25.96
2016-04-05 00:00:00,21.39,20.8,20.76,20.31,20.34,21.79,27.84,32.76,35.18,34.92,34.1,32.93,29.52,26.58,24.74,24.19,23.96,27.05,29.79,30.66,30.04,28.0,25.32,21.97
2016-04-06 00:00:00,20.0,18.99,19.06,18.95,19.02,20.0,25.75,32.97,31.36,35.5,31.02,31.43,21.96,26.73,24.86,23.33,21.86,21.68,23.7,26.71,28.26,28.3,29.09,23.15
2016-04-07 00:00:00,15.94,16.0,14.11,13.22,13.49,17.37,22.62,28.4,31.31,29.75,28.11,26.66,28.28,26.02,22.57,21.86,21.94,22.73,28.59,31.11,32.68,29.41,28.27,27.03
2016-04-08 00:00:00,23.39,21.69,21.18,20.52,21.04,21.72,29.12,35.0,38.2,37.55,34.22,32.96,29.74,27.9,26.36,24.66,23.95,27.03,29.58,32.22,31.96,30.66,30.68,29.0
2016-04-09 00:00:00,28.45,24.18,23.28,21.84,21.46,21.72,22.42,23.42,27.21,25.12,23.82,22.83,22.27,21.24,19.94,20.35,20.3,22.27,26.91,29.62,31.81,29.56,27.44,24.0
2016-04-10 00:00:00,21.47,20.26,19.57,18.96,19.02,18.88,19.15,19.19,20.22,20.97,19.88,18.83,19.29,12.3,6.53,3.0,4.91,0.01,10.01,21.97,20.99,23.0,21.84,19.57
2016-04-11 00:00:00,17.24,13.7,12.81,10.66,12.75,17.85,25.49,32.0,34.61,28.98,25.63,24.71,23.26,22.72,22.12,21.83,22.11,23.68,28.47,31.27,32.33,31.49,27.86,26.44
2016-04-12 00:00:00,24.0,22.2,21.69,21.05,21.32,22.15,28.98,36.0,38.94,37.6,34.1,32.26,27.97,26.41,24.8,26.85,28.19,26.71,30.71,33.59,33.85,32.24,30.0,25.78
2016-04-13 00:00:00,22.93,21.68,21.68,21.41,21.71,22.77,27.22,34.99,39.41,35.06,33.23,31.94,28.9,27.01,25.96,26.0,24.99,23.99,28.24,30.56,30.36,31.31,28.0,27.3
2016-04-14 00:00:00,25.0,21.93,21.18,20.94,21.06,21.74,27.0,32.03,37.28,34.59,30.91,28.08,26.4,25.05,23.83,23.44,23.22,24.2,27.25,28.33,31.38,31.53,28.33,27.55
2016-04-15 00:00:00,24.21,21.41,20.45,20.14,20.34,21.08,25.0,31.69,34.7,34.95,30.98,29.97,28.0,27.52,24.0,22.53,22.36,21.76,23.47,26.34,33.03,28.99,25.0,24.69
2016-04-16 00:00:00,21.3,19.7,19.24,18.28,17.19,18.76,19.46,19.54,21.14,21.64,20.02,19.55,18.65,15.98,16.31,15.39,14.84,15.5,18.47,22.05,23.7,24.31,23.94,21.68
2016-04-17 00:00:00,19.33,17.74,15.85,15.13,15.15,14.57,14.86,15.2,16.87,18.69,18.69,18.94,18.8,17.48,15.83,14.53,12.31,14.8,17.99,21.19,26.4,29.65,30.16,27.25
2016-04-18 00:00:00,29.54,20.9,19.7,18.9,19.0,20.6,30.0,37.06,39.68,40.89,32.3,29.7,27.9,27.2,24.0,22.16,20.56,21.14,23.19,25.62,27.92,29.2,26.59,26.87
2016-04-19 00:00:00,22.83,20.0,18.51,18.02,18.44,19.8,26.93,30.38,37.1,36.25,30.2,27.83,26.73,26.0,24.94,24.94,22.74,21.78,24.59,24.84,27.0,30.05,27.0,24.01
2016-04-20 00:00:00,21.74,19.25,18.09,17.49,18.63,20.0,25.76,30.55,31.91,31.39,30.74,26.93,22.33,22.05,21.95,21.57,21.59,22.89,27.24,31.09,32.16,30.66,28.52,24.5
2016-04-21 00:00:00,22.51,20.5,19.93,19.58,19.84,21.11,29.1,34.58,35.38,32.92,29.4,30.76,24.91,23.43,23.47,23.93,23.95,27.61,30.74,32.33,32.34,32.02,29.19,25.0
2016-04-22 00:00:00,21.95,20.7,19.59,19.32,19.85,22.94,28.0,33.14,34.61,32.4,32.26,31.87,29.08,28.67,27.75,24.06,24.38,24.75,28.99,30.93,30.94,29.33,27.94,25.04
2016-04-23 00:00:00,27.72,22.45,21.47,20.99,20.99,20.9,21.05,21.48,23.62,27.29,26.91,25.76,23.4,21.36,20.42,18.6,17.07,19.13,21.07,22.46,25.0,27.19,25.05,22.1
2016-04-24 00:00:00,18.21,16.88,14.31,12.59,12.79,13.62,12.76,12.2,13.75,16.48,15.05,15.72,16.06,11.88,9.44,9.5,7.11,9.02,15.45,21.96,24.05,27.44,27.87,24.04
2016-04-25 00:00:00,22.56,21.46,20.82,20.23,20.26,21.1,29.02,32.97,34.48,36.11,32.71,30.99,32.52,28.64,25.13,24.46,24.44,25.95,28.41,31.19,31.46,30.99,30.14,30.12
2016-04-26 00:00:00,21.81,20.9,20.96,20.62,21.07,22.73,29.91,35.04,38.6,40.4,38.02,35.98,32.35,30.9,27.11,25.53,24.81,25.29,28.92,31.11,31.61,34.3,31.63,33.14
2016-04-27 00:00:00,24.88,23.42,22.8,22.04,22.17,23.77,33.16,36.7,39.98,41.4,38.7,36.76,35.58,33.04,32.06,29.17,29.26,30.57,32.36,34.19,35.28,39.98,38.29,39.93
2016-04-28 00:00:00,35.18,27.3,24.55,23.28,23.73,25.59,31.7,45.87,62.09,52.51,46.34,37.61,39.94,40.29,27.66,26.96,26.5,30.0,34.79,38.43,35.75,37.19,34.92,30.3
2016-04-29 00:00:00,26.41,25.01,23.99,22.46,22.35,23.47,26.8,30.68,31.91,43.39,42.77,41.4,35.98,35.9,34.44,28.81,26.55,26.01,30.82,34.83,35.18,35.39,34.77,37.86
2016-04-30 00:00:00,44.99,36.51,24.54,25.04,24.0,24.0,24.22,25.45,26.81,28.69,28.06,25.96,23.2,22.45,21.48,21.17,21.54,22.34,25.02,25.51,25.61,28.53,27.92,25.04
2016-05-01 00:00:00,22.12,19.81,18.72,17.03,17.17,17.92,17.64,17.99,17.96,17.91,18.05,17.49,19.9,15.88,14.99,13.54,14.59,15.86,21.35,23.57,25.08,25.74,26.35,27.07
2016-05-02 00:00:00,22.72,20.23,20.03,19.94,20.08,23.47,31.12,36.17,34.96,32.32,32.77,34.86,35.39,34.88,30.79,26.08,26.94,29.06,33.0,35.79,35.76,34.08,31.93,35.33
2016-05-03 00:00:00,23.91,23.08,21.84,21.37,21.85,23.26,30.39,33.9,36.48,35.95,35.58,34.9,31.55,31.01,32.09,29.77,29.94,25.17,28.51,31.69,32.1,32.8,35.27,41.92
2016-05-04 00:00:00,26.31,22.1,21.95,21.69,22.14,23.59,31.47,35.05,35.97,33.17,29.13,27.73,26.57,25.45,24.54,23.64,23.88,25.1,28.96,31.73,32.0,32.9,31.93,27.8
2016-05-05 00:00:00,23.69,21.86,21.26,20.26,19.79,19.79,19.95,20.07,20.0,19.57,19.01,17.76,17.16,15.28,13.48,11.88,13.06,17.77,20.67,24.2,24.08,24.87,25.79,21.83
2016-05-06 00:00:00,20.73,19.08,18.46,17.87,19.11,20.0,24.44,30.33,30.99,29.98,24.28,22.9,21.29,20.37,18.42,17.72,19.73,22.54,29.24,30.94,29.12,29.84,31.16,32.07
2016-05-07 00:00:00,19.96,17.08,14.95,14.64,14.96,15.2,16.27,19.32,19.94,19.57,15.01,13.34,16.7,10.0,8.07,8.45,11.63,15.39,19.01,21.53,20.03,20.89,21.17,19.02
2016-05-08 00:00:00,14.61,11.23,9.08,5.71,4.38,3.0,2.91,2.79,5.72,6.08,5.43,1.0,-5.0,12.44,5.0,0.01,1.0,5.0,10.4,19.45,19.5,20.12,20.12,18.66
2016-05-09 00:00:00,14.84,12.68,12.09,9.57,11.0,14.18,28.57,32.95,34.69,31.24,31.21,29.21,32.88,35.0,35.0,26.8,25.13,27.46,27.12,31.46,31.28,30.0,27.29,22.74
2016-05-10 00:00:00,22.55,21.09,19.61,19.33,19.87,21.56,28.5,31.87,36.66,38.0,36.27,40.0,38.06,37.24,33.25,30.75,29.96,30.69,31.93,32.5,32.25,31.99,31.94,31.18
2016-05-11 00:00:00,22.4,20.54,19.92,19.11,19.87,21.84,28.96,35.27,39.6,34.94,36.62,36.1,35.23,36.39,36.72,34.17,33.05,31.5,28.47,31.32,29.94,25.09,25.0,23.53
2016-05-12 00:00:00,20.02,18.05,15.65,14.95,14.42,18.77,24.08,30.93,34.05,37.04,32.9,33.86,31.34,32.8,30.11,27.64,29.65,30.77,34.91,35.91,32.85,32.23,34.72,25.14
2016-05-13 00:00:00,23.07,21.41,21.04,20.55,21.13,23.0,28.07,36.14,40.21,38.23,35.37,35.45,30.94,27.99,25.28,23.87,23.53,24.01,26.37,29.0,27.1,25.03,26.96,23.02
2016-05-14 00:00:00,13.76,13.77,12.33,10.67,9.93,10.11,10.78,12.38,16.21,16.72,19.46,20.7,19.2,12.52,11.1,9.42,8.12,10.98,15.54,20.71,19.59,19.3,23.6,20.69
2016-05-15 00:00:00,20.84,14.54,13.62,11.35,10.33,10.82,9.2,7.96,7.73,9.15,10.57,10.34,17.14,21.12,26.54,4.4,5.33,8.13,16.01,21.58,21.86,22.95,24.68,24.06
2016-05-16 00:00:00,34.71,20.33,19.03,18.81,18.71,19.78,20.28,21.15,22.54,23.59,23.8,24.15,24.79,23.65,20.48,17.95,18.13,20.4,24.0,27.16,28.37,32.05,37.28,35.71
2016-05-17 00:00:00,30.0,24.0,22.82,21.6,21.73,22.91,29.95,36.36,38.0,39.07,37.94,34.05,31.95,32.02,33.24,32.9,30.02,32.33,34.64,34.92,36.76,37.44,33.22,29.0
2016-05-18 00:00:00,27.62,26.5,23.89,22.92,23.31,24.57,31.12,37.06,39.48,36.51,38.82,38.39,35.97,34.79,32.15,30.85,31.32,31.69,33.08,34.94,34.64,34.95,33.09,35.7
2016-05-19 00:00:00,25.24,22.91,22.23,21.85,22.29,23.9,31.58,39.4,46.0,44.13,45.0,44.91,40.07,38.96,35.0,33.06,31.91,32.35,34.0,36.08,34.96,33.85,32.08,30.69
2016-05-20 00:00:00,24.73,23.42,21.5,21.34,21.52,23.23,27.71,33.07,34.97,34.03,34.68,32.87,30.67,29.59,27.68,29.32,27.3,28.9,32.69,33.92,34.06,33.21,33.66,30.55
2016-05-21 00:00:00,27.66,23.49,22.6,20.58,18.28,17.85,19.16,18.08,21.5,22.32,21.93,19.66,22.85,18.5,15.52,13.29,17.42,18.7,23.9,26.28,21.0,23.85,30.02,28.59
2016-05-22 00:00:00,17.79,13.13,10.58,8.6,7.3,5.46,4.32,5.5,7.34,23.22,23.72,18.24,23.23,22.09,16.3,13.21,10.8,12.78,22.3,23.93,25.32,26.11,28.62,28.37
2016-05-23 00:00:00,22.78,20.89,19.51,18.91,19.46,20.69,28.05,34.51,39.48,38.08,36.0,35.94,33.91,33.54,32.5,32.78,31.96,31.68,32.49,33.09,34.66,36.35,35.95,33.3
2016-05-24 00:00:00,25.51,21.75,20.48,20.0,20.72,22.61,27.0,34.38,37.09,36.19,36.94,36.06,33.09,33.0,32.69,30.92,29.12,29.8,31.25,32.2,31.64,32.38,32.05,30.0
2016-05-25 00:00:00,27.11,23.29,21.57,21.05,21.63,22.99,30.92,35.8,39.2,46.3,47.6,46.87,45.13,44.19,34.28,34.99,35.5,36.44,35.8,36.61,36.76,35.49,34.92,35.13
2016-05-26 00:00:00,25.74,24.16,23.42,23.27,23.33,23.79,26.15,30.96,38.21,44.1,35.86,45.04,35.85,39.24,34.41,31.39,32.33,35.18,34.0,35.27,34.95,32.94,33.1,29.87
2016-05-27 00:00:00,24.43,23.58,21.95,20.61,21.69,23.45,27.88,32.99,35.48,43.13,42.07,38.61,38.13,36.09,38.5,33.97,33.99,37.9,32.91,33.2,32.19,31.85,37.51,39.8
2016-05-28 00:00:00,28.92,24.38,22.79,22.14,21.57,21.91,22.56,24.0,26.57,32.67,35.7,35.11,30.25,25.32,22.61,21.57,19.72,21.85,20.57,26.42,22.4,26.33,34.3,30.58
2016-05-29 00:00:00,17.69,12.4,11.19,9.84,7.63,6.16,6.33,6.66,6.24,7.21,12.87,14.03,14.72,12.87,9.92,9.16,5.32,7.07,9.05,12.94,17.45,22.62,23.12,20.22
2016-05-30 00:00:00,18.07,14.48,12.35,11.28,11.86,18.01,26.16,34.94,35.25,35.43,34.79,36.14,34.0,31.84,31.9,27.21,25.09,27.4,28.74,28.99,25.48,24.7,30.0,23.69
2016-05-31 00:00:00,21.17,19.25,16.44,8.09,9.54,16.94,24.52,32.93,35.81,35.47,34.94,35.8,32.78,30.94,31.71,32.67,34.03,32.37,34.94,35.92,32.95,31.98,30.78,31.94
2016-06-01 00:00:00,24.0,22.23,21.07,20.08,20.18,23.1,29.9,37.49,40.87,41.0,40.44,40.51,36.64,34.09,34.18,31.66,31.28,30.11,32.66,32.92,30.95,29.57,30.9,28.05
2016-06-02 00:00:00,21.96,20.75,20.13,20.0,16.39,17.58,25.53,29.69,39.54,37.98,37.09,36.37,32.08,28.07,26.68,25.95,28.09,32.09,31.84,32.96,31.96,28.85,28.49,24.59
2016-06-03 00:00:00,24.1,21.68,19.97,16.03,17.14,22.5,27.46,35.45,40.08,39.97,50.0,50.0,40.0,39.88,41.04,27.83,27.95,28.0,31.82,33.61,31.98,30.66,32.16,28.94
2016-06-04 00:00:00,36.85,23.21,21.63,21.29,21.26,21.3,21.53,23.5,27.49,28.98,26.56,26.91,25.73,22.78,21.58,21.41,21.53,25.29,28.19,30.07,29.87,29.88,30.99,28.88
2016-06-05 00:00:00,24.43,22.0,20.08,18.32,15.54,14.98,13.33,15.52,17.89,18.42,17.84,17.98,17.94,15.15,10.16,10.22,11.1,17.38,23.91,26.92,28.85,29.14,30.74,30.0
2016-06-06 00:00:00,24.59,22.76,21.87,18.38,15.61,19.51,24.01,29.81,37.82,34.94,32.57,38.87,38.64,38.6,38.72,37.95,37.8,39.09,38.76,41.06,37.31,34.2,33.81,33.77
2016-06-07 00:00:00,24.85,23.34,22.59,18.66,23.33,23.36,24.94,40.0,39.48,39.35,38.99,38.29,36.68,33.51,35.0,30.13,34.49,32.13,36.02,38.48,36.76,32.97,32.59,27.54
2016-06-08 00:00:00,25.98,23.89,22.83,24.62,21.63,23.89,29.08,35.07,41.31,37.33,36.67,34.91,29.93,27.6,27.18,26.37,26.0,28.24,30.68,32.9,32.12,32.55,30.9,26.5
2016-06-09 00:00:00,23.67,21.87,20.81,16.1,14.87,21.63,29.0,33.89,43.08,44.0,42.89,41.4,34.99,33.93,32.37,29.86,29.89,28.88,32.95,34.94,33.7,31.51,30.49,31.25
2016-06-10 00:00:00,27.23,23.64,21.03,19.91,18.27,20.97,27.25,33.94,35.95,35.84,39.02,38.76,38.25,38.91,37.0,32.17,27.04,29.79,30.01,32.85,32.06,31.67,32.86,35.0
2016-06-11 00:00:00,26.14,24.2,23.01,20.99,20.0,19.03,17.34,19.0,26.06,29.47,29.46,30.03,28.49,25.69,24.82,23.89,23.42,25.0,33.62,37.53,28.49,29.47,30.94,33.19
2016-06-12 00:00:00,39.08,24.65,22.64,24.19,14.47,20.0,26.59,25.28,19.47,23.09,24.92,25.3,34.94,26.66,24.67,24.66,18.62,39.94,41.52,44.46,41.6,31.19,32.44,37.97
2016-06-13 00:00:00,25.61,24.83,24.35,26.21,28.44,24.66,30.35,39.94,43.06,60.6,60.6,52.81,48.81,60.6,58.09,60.49,50.0,56.54,61.0,60.6,45.12,40.0,39.94,37.13
2016-06-14 00:00:00,26.18,24.31,23.18,22.22,24.2,24.33,27.4,35.29,39.86,38.44,38.18,41.31,41.93,45.38,39.1,35.49,35.87,40.2,35.08,37.5,36.0,32.01,33.1,33.1
2016-06-15 00:00:00,27.72,26.63,24.92,23.73,25.38,25.31,28.37,37.21,42.03,52.4,56.36,54.53,53.46,52.66,48.69,39.24,41.35,56.18,54.05,50.1,44.68,40.25,41.25,38.0
2016-06-16 00:00:00,31.86,26.52,25.8,25.0,25.42,24.95,29.84,37.82,41.34,44.72,44.72,44.72,40.0,44.75,44.92,39.96,40.0,47.81,45.13,43.61,45.27,33.02,34.32,37.64
2016-06-17 00:00:00,35.0,25.59,24.81,23.28,23.66,24.13,27.85,35.3,39.7,56.96,61.64,57.41,52.67,47.41,37.62,34.99,34.99,32.44,32.26,32.15,30.59,28.16,36.98,29.81
2016-06-18 00:00:00,29.86,20.7,18.5,15.92,14.31,13.84,17.04,17.11,21.57,34.27,32.0,25.75,35.65,30.0,25.29,21.08,18.32,20.69,23.32,25.17,21.57,21.24,28.0,29.59
2016-06-19 00:00:00,25.49,18.64,16.7,14.93,13.27,9.58,13.89,11.75,10.48,12.47,13.41,13.83,14.7,14.14,15.24,11.05,5.54,10.4,16.32,22.11,23.96,25.23,36.75,34.72
2016-06-20 00:00:00,25.68,19.8,19.69,15.0,19.69,19.99,28.97,34.42,34.94,34.79,33.0,35.59,33.39,32.97,31.5,39.47,39.7,35.4,32.97,34.96,33.57,31.76,38.0,44.5
2016-06-21 00:00:00,27.16,24.12,23.62,21.23,21.89,23.93,29.54,38.73,40.78,43.62,41.79,43.73,39.59,37.64,35.84,34.16,32.45,33.05,34.94,35.91,37.44,34.98,34.96,32.95
2016-06-22 00:00:00,28.06,24.95,24.71,23.14,22.97,24.06,29.98,40.0,42.0,40.0,37.27,36.72,41.37,40.48,38.64,38.12,38.56,37.73,38.12,39.8,38.3,37.39,39.54,38.93
2016-06-23 00:00:00,28.09,25.64,24.38,22.8,22.76,24.14,28.16,35.91,35.91,34.97,39.77,42.71,45.42,46.56,46.58,44.83,48.95,54.27,47.99,43.33,39.68,32.72,42.26,37.65
2016-06-24 00:00:00,39.03,25.45,25.57,24.06,24.43,26.43,31.86,37.03,44.24,55.12,59.18,60.0,57.01,53.51,45.92,37.98,37.06,34.51,34.98,35.53,34.95,33.28,34.12,39.25
2016-06-25 00:00:00,30.14,26.12,26.31,23.96,21.39,20.81,21.35,23.42,29.61,30.46,24.92,27.26,30.06,26.71,23.76,21.72,21.36,21.66,22.7,27.26,25.7,25.57,29.61,30.58
2016-06-26 00:00:00,17.29,12.78,9.15,9.34,7.42,7.97,5.79,8.09,7.68,8.17,9.79,12.86,14.64,11.8,11.25,8.52,7.6,9.77,19.55,23.78,24.36,22.51,31.91,28.12
2016-06-27 00:00:00,24.1,20.99,19.04,11.45,12.51,19.02,27.75,33.07,34.26,32.48,37.6,38.08,34.58,40.0,38.59,36.52,33.1,37.76,37.1,39.05,38.31,36.52,43.1,43.27
2016-06-28 00:00:00,26.84,24.4,24.09,23.13,22.76,24.19,29.61,40.08,41.91,41.98,38.94,37.88,35.36,34.56,37.16,33.59,31.0,36.04,39.85,41.74,38.99,34.56,33.84,28.34
2016-06-29 00:00:00,24.03,22.14,20.64,16.53,14.75,19.16,24.58,32.91,34.94,31.82,38.48,39.97,37.93,38.3,36.87,28.85,26.0,26.54,33.46,38.99,37.49,34.98,34.94,29.96
2016-06-30 00:00:00,25.16,23.34,22.08,20.11,19.82,21.58,26.61,34.94,39.86,39.96,38.49,38.86,39.31,36.87,33.15,32.44,33.01,31.96,34.23,38.28,34.91,31.11,32.38,27.72
2016-07-01 00:00:00,29.36,24.69,23.42,21.91,20.19,22.44,26.84,33.58,35.78,36.11,39.35,39.96,39.29,39.38,32.01,27.32,27.7,28.75,32.43,33.95,32.67,30.07,31.91,34.88
2016-07-02 00:00:00,22.03,20.38,19.4,17.09,16.79,16.58,17.99,20.05,21.41,24.11,23.1,22.57,22.4,21.29,20.0,18.52,17.95,19.96,23.11,25.33,25.48,25.03,32.7,33.45
2016-07-03 00:00:00,18.07,13.39,13.58,12.33,10.09,9.36,10.41,12.02,12.5,14.89,14.27,15.07,17.49,14.6,11.68,11.7,12.26,15.84,20.43,26.76,27.97,24.32,32.35,33.99
2016-07-04 00:00:00,39.63,24.22,22.26,21.65,21.69,23.37,31.93,35.19,40.33,46.19,48.55,52.05,52.14,50.22,44.5,44.32,43.19,47.6,38.69,40.98,38.65,35.56,40.34,37.61
2016-07-05 00:00:00,29.93,27.0,25.46,23.88,23.43,25.31,30.28,34.94,36.46,35.05,38.09,37.85,35.0,32.63,30.99,28.31,25.14,29.33,35.03,37.33,35.48,27.92,36.98,36.09
2016-07-06 00:00:00,25.09,17.86,13.67,11.32,11.17,12.82,20.47,25.27,31.5,35.59,38.45,38.53,38.98,32.0,34.87,28.92,27.08,30.07,30.82,33.82,33.9,29.6,35.0,31.55
2016-07-07 00:00:00,29.09,26.87,25.57,22.11,22.98,23.74,30.6,34.28,36.21,35.93,36.15,39.13,38.41,38.89,31.56,30.29,31.46,34.03,38.08,38.85,37.91,32.49,36.53,35.8
2016-07-08 00:00:00,28.62,26.83,25.04,23.46,23.18,25.02,30.0,34.99,39.26,40.69,42.81,43.38,39.32,36.92,34.09,30.62,26.94,27.38,28.54,29.79,28.1,26.91,32.91,37.19
2016-07-09 00:00:00,25.27,24.47,23.97,22.31,17.48,18.9,20.8,22.52,24.29,28.31,35.01,34.03,37.0,33.22,24.39,25.71,22.03,22.0,27.92,30.63,28.61,29.86,30.61,30.85
2016-07-10 00:00:00,31.32,23.94,21.98,18.79,15.58,14.11,14.2,15.35,15.04,16.28,20.01,23.35,27.46,25.95,21.49,18.03,14.07,11.09,15.32,26.75,27.41,27.91,31.49,33.1
2016-07-11 00:00:00,30.32,23.97,22.79,19.96,19.77,22.1,27.67,32.03,32.94,33.89,33.5,40.68,38.41,36.7,33.97,31.82,30.0,27.07,33.62,36.03,31.48,30.02,38.94,35.81
2016-07-12 00:00:00,32.87,25.85,25.16,22.59,22.58,24.51,28.53,36.22,35.41,44.57,44.11,49.86,44.5,44.98,40.24,33.87,34.55,36.02,41.36,41.85,33.06,33.67,37.87,39.98
2016-07-13 00:00:00,27.95,27.16,26.05,25.0,25.1,26.18,31.85,34.94,40.42,49.74,48.54,47.39,44.2,41.17,38.23,34.04,31.94,32.94,34.22,35.06,33.01,30.81,38.79,33.25
2016-07-14 00:00:00,35.74,32.59,28.51,22.27,21.64,22.34,24.06,29.42,32.05,34.97,34.5,33.57,32.27,25.48,23.91,22.91,22.92,24.31,26.22,28.95,31.29,29.22,35.57,35.35
2016-07-15 00:00:00,25.44,21.4,19.22,15.55,16.74,20.23,23.44,29.08,30.08,32.72,34.68,35.64,35.23,34.5,34.19,33.89,24.09,27.71,31.92,34.67,32.73,32.25,34.94,36.18
2016-07-16 00:00:00,27.53,23.82,23.0,22.0,21.91,21.79,22.01,22.47,23.68,30.0,30.61,30.0,27.44,23.98,23.73,23.01,23.78,25.38,30.3,33.97,30.61,30.99,32.16,36.82
2016-07-17 00:00:00,30.0,24.3,22.14,20.17,20.03,19.4,19.01,20.96,21.13,22.3,23.54,24.26,24.26,21.46,22.1,21.19,22.05,24.3,24.97,31.97,37.73,34.99,48.51,37.03
2016-07-18 00:00:00,40.0,32.93,24.88,22.66,23.02,24.67,28.82,33.09,35.39,39.39,46.67,36.13,43.92,39.39,35.0,43.83,44.03,46.89,47.03,39.39,40.0,38.61,42.13,40.21
2016-07-19 00:00:00,30.94,27.09,26.41,25.89,25.61,26.14,31.0,36.99,40.01,40.25,47.19,43.9,38.45,38.58,38.45,41.7,50.8,50.82,45.22,44.0,43.6,41.75,44.0,36.17
2016-07-20 00:00:00,28.01,26.32,25.1,24.79,24.83,25.85,29.35,33.52,38.24,44.73,47.58,44.44,40.62,34.72,34.55,34.68,37.39,46.68,45.0,43.53,38.42,31.96,42.56,42.43
2016-07-21 00:00:00,39.0,26.46,25.9,25.52,25.55,27.49,32.84,36.61,36.23,45.12,46.09,50.0,42.72,40.98,39.25,39.51,42.83,48.65,49.38,42.3,38.25,39.66,43.42,40.73
2016-07-22 00:00:00,29.97,31.64,30.14,26.56,26.5,28.06,32.36,35.99,41.73,50.66,51.9,53.1,52.1,50.58,48.17,39.83,39.94,40.03,41.83,39.18,33.26,31.97,35.46,35.09
2016-07-23 00:00:00,31.8,30.83,29.1,27.02,25.77,25.65,26.22,30.32,35.12,46.18,53.02,54.12,51.88,44.53,36.74,34.74,27.72,30.57,48.36,33.62,32.9,32.38,50.18,49.93
2016-07-24 00:00:00,30.11,28.11,25.99,24.93,24.25,23.06,22.85,22.72,24.04,25.36,24.19,25.28,26.4,23.82,23.3,22.11,24.01,26.1,29.91,31.94,32.95,34.75,40.7,35.4
2016-07-25 00:00:00,37.14,27.32,26.32,25.93,25.92,27.8,35.0,38.08,39.52,43.39,46.12,47.68,46.49,45.7,43.75,37.5,33.32,35.18,35.99,36.77,36.47,36.08,35.47,31.61
2016-07-26 00:00:00,27.98,27.5,26.38,25.88,25.91,26.53,30.97,35.9,39.16,44.43,42.06,43.74,44.22,42.89,42.45,37.51,37.13,39.22,40.23,39.77,37.28,36.54,35.81,33.65
2016-07-27 00:00:00,34.46,27.61,26.53,25.87,26.0,26.63,31.53,36.43,39.11,40.67,40.92,41.25,39.28,36.53,39.88,38.36,32.7,33.15,35.97,36.61,36.37,35.56,38.71,30.49
2016-07-28 00:00:00,26.9,26.39,25.8,25.29,25.26,26.39,29.92,34.91,36.94,40.36,51.37,53.41,48.98,43.25,36.4,31.43,31.43,32.98,34.97,36.72,35.5,34.04,33.93,29.96
2016-07-29 00:00:00,28.21,27.04,26.03,24.58,24.84,25.95,29.68,33.99,36.13,36.09,34.55,37.28,32.39,29.97,27.94,29.78,29.0,29.11,31.5,34.13,32.98,30.94,39.91,37.93
2016-07-30 00:00:00,31.07,26.51,25.59,24.56,24.17,24.39,24.72,25.46,26.74,28.97,28.38,27.93,29.57,25.21,28.0,25.0,25.14,26.1,30.51,31.92,32.55,32.09,36.02,33.65
2016-07-31 00:00:00,28.08,25.36,23.8,22.56,22.14,21.65,20.98,21.99,23.8,25.12,25.28,26.77,26.34,25.56,24.35,23.32,22.78,25.25,25.09,28.23,28.92,30.19,35.31,35.69
2016-08-01 00:00:00,25.36,24.28,23.14,22.14,22.42,23.93,29.06,32.17,35.0,33.21,30.13,29.8,30.54,30.32,29.59,27.26,28.48,32.05,35.97,37.15,38.33,36.95,35.99,31.95
2016-08-02 00:00:00,27.56,25.79,25.35,24.7,24.27,25.9,30.43,34.87,36.87,36.92,36.97,38.09,37.83,36.85,35.98,35.73,34.92,35.94,35.92,34.95,32.83,32.4,31.19,28.98
2016-08-03 00:00:00,26.03,24.53,23.74,22.69,22.48,23.66,27.06,31.82,33.95,34.97,35.02,34.95,33.57,34.62,31.81,29.1,28.45,29.95,32.52,33.0,31.25,30.33,32.45,28.43
2016-08-04 00:00:00,24.4,22.43,20.05,19.42,19.83,22.42,25.49,30.01,33.05,32.03,32.77,34.72,27.2,30.0,27.81,30.57,29.29,32.98,34.58,34.9,34.58,34.46,33.91,29.37
2016-08-05 00:00:00,28.13,26.83,25.12,23.95,24.07,26.24,30.45,34.01,37.19,38.69,38.54,38.0,36.0,33.96,31.39,28.23,28.46,31.29,33.89,34.4,34.15,33.02,34.08,34.2
2016-08-06 00:00:00,29.58,26.68,25.34,23.77,22.4,22.01,22.97,25.02,26.36,26.47,24.94,23.98,22.68,21.01,20.08,19.56,19.15,23.67,26.32,32.44,34.09,34.45,35.68,31.71
2016-08-07 00:00:00,24.6,20.05,17.99,12.86,12.38,12.35,12.51,11.93,12.25,12.79,14.27,13.18,11.84,7.45,7.59,8.17,10.34,15.9,24.7,27.77,30.48,32.37,32.65,26.33
2016-08-08 00:00:00,20.62,16.44,12.91,8.16,8.12,8.94,17.85,23.71,26.29,24.45,27.65,29.94,31.17,34.46,32.5,28.77,27.79,27.82,31.29,34.39,33.23,34.0,33.93,31.75
2016-08-09 00:00:00,23.88,23.06,22.6,20.32,19.94,22.97,28.33,32.86,34.83,35.03,34.6,34.26,33.6,32.78,30.22,27.84,25.97,28.12,30.35,32.02,30.91,30.47,29.1,26.45
2016-08-10 00:00:00,23.35,23.11,22.0,19.99,20.19,23.18,24.53,32.21,33.95,33.5,32.01,31.87,29.66,26.91,25.43,24.51,24.31,27.33,31.48,33.68,33.72,33.93,32.93,28.65
2016-08-11 00:00:00,24.23,23.01,22.72,20.49,18.83,22.77,25.44,28.31,33.7,33.07,30.86,30.48,28.57,27.17,24.99,25.62,25.69,31.4,34.37,34.95,35.11,34.82,33.87,28.82
2016-08-12 00:00:00,24.07,22.97,21.05,19.9,20.05,22.98,27.93,32.55,33.8,34.04,34.91,35.25,34.95,32.1,29.5,27.12,24.2,26.9,28.09,29.06,29.13,28.99,28.34,24.7
2016-08-13 00:00:00,21.7,19.97,18.09,16.89,16.1,14.46,16.08,18.05,20.06,20.13,19.25,20.18,17.08,13.53,14.21,14.93,16.38,21.13,24.72,26.88,27.7,29.08,28.31,25.73
2016-08-14 00:00:00,23.44,21.18,19.77,19.03,18.05,18.08,18.06,19.33,20.1,19.13,19.74,20.51,19.87,17.14,15.75,16.57,15.29,19.82,26.75,29.57,31.56,32.3,31.56,30.9
2016-08-15 00:00:00,25.15,22.94,21.61,21.01,21.5,23.29,27.21,29.66,31.49,30.59,28.65,28.32,27.02,25.0,23.9,24.1,25.54,30.62,33.98,35.88,34.32,34.47,33.22,30.42
2016-08-16 00:00:00,26.26,23.99,22.94,22.03,22.1,24.1,28.71,33.63,34.14,33.9,31.73,30.13,29.09,28.93,28.94,29.29,30.58,33.12,34.33,35.79,34.81,34.36,31.94,27.23
2016-08-17 00:00:00,23.45,24.01,23.51,21.9,22.56,25.05,29.74,34.75,36.1,33.46,30.18,27.09,23.4,24.4,24.38,26.24,29.2,35.06,35.74,37.06,36.45,35.54,34.02,26.14
2016-08-18 00:00:00,24.64,24.12,24.09,21.83,22.49,25.05,30.26,33.79,35.67,35.33,34.84,35.56,33.64,31.25,32.7,33.6,33.87,35.01,36.05,37.34,36.85,36.01,35.93,28.62
2016-08-19 00:00:00,26.14,26.62,25.0,23.91,24.96,26.08,32.25,36.25,37.27,39.98,37.74,37.27,35.3,33.83,32.56,30.83,31.76,34.09,36.09,36.46,34.99,34.57,31.71,25.45
2016-08-20 00:00:00,26.54,25.04,23.31,22.81,22.32,22.02,22.44,23.08,26.94,29.03,25.79,24.22,23.12,22.09,21.71,22.0,20.95,22.73,26.99,29.34,30.0,30.38,29.11,25.15
2016-08-21 00:00:00,18.51,15.01,12.13,9.72,9.83,9.74,9.62,9.13,11.34,11.55,11.59,14.05,14.09,12.42,11.05,10.92,7.39,10.86,22.04,28.13,30.74,31.9,30.59,29.76
2016-08-22 00:00:00,20.68,19.04,18.78,17.5,18.07,20.81,26.82,31.42,34.41,34.99,30.9,32.28,28.51,22.0,23.79,25.61,28.14,32.9,36.59,37.71,37.68,35.11,30.73,28.3
2016-08-23 00:00:00,23.63,22.35,21.62,20.29,22.01,23.52,30.56,35.24,37.31,37.95,36.37,36.6,34.66,34.03,33.85,32.91,34.63,38.0,40.2,41.6,42.0,38.92,36.9,32.64
2016-08-24 00:00:00,29.1,23.9,22.82,22.24,22.25,24.23,30.85,34.9,36.02,36.78,36.6,37.0,32.7,29.87,29.37,35.3,38.56,39.41,41.63,42.0,43.01,41.35,39.01,35.11
2016-08-25 00:00:00,30.33,27.5,23.25,21.16,21.45,23.3,30.33,34.2,35.77,41.28,44.46,45.65,45.41,45.22,44.17,41.21,43.14,44.73,44.01,41.01,41.5,42.68,38.19,35.96
2016-08-26 00:00:00,35.4,29.58,26.88,22.45,21.25,23.24,29.63,34.86,39.27,45.28,46.2,43.86,41.0,43.14,39.02,40.43,37.47,39.02,42.01,44.01,43.89,41.49,41.07,39.15
2016-08-27 00:00:00,25.18,23.85,23.0,23.07,23.28,23.18,25.28,26.84,29.5,30.56,32.31,34.41,34.89,32.64,30.49,31.61,23.9,28.41,34.94,35.36,34.95,33.61,29.1,23.79
2016-08-28 00:00:00,23.14,20.98,21.01,21.29,20.51,19.83,20.48,20.18,22.07,23.19,22.38,21.67,24.91,21.72,21.5,20.32,18.15,22.26,29.01,32.95,33.92,33.25,29.97,23.3
2016-08-29 00:00:00,22.16,21.49,21.38,22.4,22.61,29.65,36.45,40.26,42.07,44.23,48.4,47.92,44.94,44.48,43.64,43.05,42.8,43.38,44.45,47.32,47.01,44.9,42.33,38.32
2016-08-30 00:00:00,26.12,22.0,22.55,23.17,22.74,23.73,32.09,40.59,43.82,46.96,45.81,47.47,22.0,21.35,21.64,27.5,33.33,44.09,46.26,47.21,46.12,45.98,41.78,37.15
2016-08-31 00:00:00,23.77,23.14,22.56,22.77,22.79,24.08,27.69,40.75,44.0,46.69,44.0,43.61,27.87,23.0,20.96,21.68,36.68,38.66,43.88,45.25,45.12,44.96,43.0,36.72
2016-09-01 00:00:00,28.0,23.46,25.59,22.98,23.59,28.12,34.08,44.36,44.89,46.65,46.64,45.63,45.09,39.7,40.66,40.94,41.03,43.88,44.67,44.98,46.01,46.16,41.59,36.55
2016-09-02 00:00:00,28.09,26.4,24.51,22.16,22.29,23.53,27.39,39.59,40.5,42.53,46.35,42.75,38.56,27.86,25.0,21.53,24.7,34.26,37.54,37.57,38.84,39.04,35.69,21.73
2016-09-03 00:00:00,25.37,24.86,24.34,24.31,23.91,24.81,25.05,29.22,30.71,31.28,27.0,26.09,23.97,23.13,22.65,23.66,26.74,30.4,34.2,37.51,38.56,37.6,32.91,28.63
2016-09-04 00:00:00,25.0,24.93,23.09,22.04,20.81,20.09,20.03,22.02,22.38,23.5,23.58,24.99,23.66,23.49,20.79,20.52,21.26,22.94,26.94,30.31,33.83,31.79,28.14,16.72
2016-09-05 00:00:00,23.18,22.3,22.3,21.73,22.96,24.3,33.6,43.41,51.56,51.03,50.86,50.85,50.0,48.81,47.5,45.5,48.22,46.8,48.5,53.71,50.12,48.84,44.12,28.07
2016-09-06 00:00:00,27.61,25.04,24.84,23.64,23.8,26.31,34.37,42.97,44.63,50.49,57.17,59.93,46.81,45.01,53.0,53.0,50.0,49.94,52.83,53.11,55.93,48.47,42.17,37.33
2016-09-07 00:00:00,27.64,22.95,22.0,22.73,23.18,24.14,33.85,37.97,42.87,50.5,41.91,42.15,35.0,38.69,38.5,44.59,47.64,50.5,50.16,45.13,49.59,46.76,36.99,32.99
2016-09-08 00:00:00,24.94,24.07,23.5,23.08,23.1,24.24,31.91,38.71,39.62,39.76,38.43,36.86,33.44,30.0,28.58,30.34,30.13,35.92,40.41,43.27,42.6,43.64,38.22,33.09
2016-09-09 00:00:00,30.85,26.92,22.68,22.97,23.26,24.82,33.77,42.42,47.0,47.2,45.57,45.03,44.04,39.74,34.08,29.49,30.88,35.89,40.73,42.06,45.79,38.42,40.07,35.65
2016-09-10 00:00:00,34.5,30.64,27.42,24.25,23.75,24.2,25.51,29.04,29.75,29.94,26.95,26.11,25.37,23.06,23.06,25.61,28.65,31.99,34.05,38.7,38.98,34.08,41.12,41.76
2016-09-11 00:00:00,19.47,22.87,22.51,21.73,21.1,22.09,22.94,22.93,24.07,25.11,24.96,25.48,25.16,24.54,23.48,23.42,24.01,28.73,36.36,39.85,42.57,38.93,36.14,32.41
2016-09-12 00:00:00,34.12,30.55,25.65,22.15,22.75,25.1,36.69,43.0,51.59,56.25,57.48,60.71,65.4,65.45,60.89,53.71,54.49,53.16,60.02,70.42,71.78,79.44,48.05,39.4
2016-09-13 00:00:00,30.73,27.07,24.15,23.52,23.55,26.39,37.48,44.44,51.33,64.46,74.3,74.41,65.29,68.58,70.14,68.39,100.0,70.49,67.8,58.3,67.8,64.87,44.9,34.21
2016-09-14 00:00:00,31.04,27.42,26.67,24.55,22.9,27.06,34.97,54.6,48.88,63.7,60.75,60.39,58.0,59.01,52.13,50.64,50.41,57.08,55.27,48.83,48.94,44.2,43.2,35.18
2016-09-15 00:00:00,32.83,28.37,26.51,21.27,21.35,24.65,30.86,44.06,49.32,49.69,48.38,48.17,47.12,46.81,49.21,47.57,47.34,55.0,52.34,47.45,48.91,44.0,41.74,38.33
2016-09-16 00:00:00,35.0,28.04,26.57,21.65,20.35,22.59,32.49,40.94,46.46,47.66,45.56,45.47,42.49,39.84,37.86,35.31,35.61,38.28,40.1,41.75,40.99,36.5,31.9,29.99
2016-09-17 00:00:00,32.87,26.32,24.08,22.81,22.25,22.91,24.91,27.92,31.41,36.93,36.91,36.08,36.29,31.28,30.0,29.04,24.93,27.85,35.32,32.52,40.0,36.2,32.52,26.9
2016-09-18 00:00:00,41.51,28.0,21.94,20.97,18.59,19.53,20.92,20.73,22.77,24.78,24.56,30.43,33.5,25.38,23.67,22.93,23.2,27.16,32.54,40.56,51.8,47.81,41.0,32.77
2016-09-19 00:00:00,31.26,26.35,23.78,22.44,22.05,23.91,36.06,42.31,44.6,43.91,43.95,43.97,43.66,41.34,42.03,43.0,42.63,44.0,45.19,46.59,46.18,44.0,41.09,40.5
2016-09-20 00:00:00,34.25,26.4,27.27,23.06,23.44,26.13,40.69,46.0,52.31,58.95,46.79,50.0,47.25,46.41,46.5,52.06,58.08,56.75,52.19,50.06,60.17,46.32,45.0,41.02
2016-09-21 00:00:00,38.45,32.59,27.83,24.13,24.09,27.2,36.97,48.19,49.71,49.69,49.04,48.36,44.96,43.5,43.52,43.07,42.14,42.94,45.0,48.75,48.69,46.22,44.0,41.0
2016-09-22 00:00:00,38.82,33.65,27.55,24.26,24.24,27.16,40.04,46.01,49.21,49.41,43.89,45.15,42.93,43.87,46.87,43.6,43.0,43.3,45.15,49.06,49.09,43.25,40.3,38.58
2016-09-23 00:00:00,40.73,32.45,31.13,25.96,25.62,31.35,42.27,49.0,50.44,49.77,50.45,48.25,43.05,42.09,41.8,40.69,40.79,41.44,44.3,47.06,49.22,43.54,44.0,42.41
2016-09-24 00:00:00,41.47,34.58,35.66,27.88,24.65,24.59,27.87,31.15,34.78,36.89,37.45,36.07,34.48,26.43,24.4,24.93,28.01,34.58,38.08,42.63,40.99,34.53,31.15,27.77
2016-09-25 00:00:00,24.58,22.51,20.55,17.84,17.7,19.68,20.09,21.47,22.45,22.95,21.76,23.73,23.77,23.72,15.48,15.02,19.76,26.55,35.09,40.95,48.2,40.72,43.0,39.89
2016-09-26 00:00:00,37.77,33.9,30.63,26.05,28.34,31.38,41.3,46.53,49.0,46.84,46.69,51.08,49.55,50.0,46.93,44.87,46.15,44.83,49.55,54.12,51.23,45.08,44.4,42.01
2016-09-27 00:00:00,34.03,30.74,29.75,28.73,27.84,29.41,42.7,49.0,50.0,47.69,46.59,46.33,42.2,42.79,42.37,42.39,43.52,43.91,45.67,49.08,47.7,45.73,41.24,38.72
2016-09-28 00:00:00,38.54,30.0,32.61,29.08,26.0,32.07,39.9,46.43,48.26,49.72,48.69,48.0,46.88,46.23,45.0,44.06,44.26,47.16,47.76,51.53,50.74,48.52,45.35,40.19
2016-09-29 00:00:00,39.32,35.35,26.2,14.57,14.15,22.17,37.16,47.11,49.19,49.95,55.27,44.3,35.65,37.44,41.71,44.0,43.86,45.18,48.24,55.23,52.74,48.97,49.78,44.81
2016-09-30 00:00:00,28.0,25.7,24.71,23.09,24.02,30.72,42.7,49.66,50.09,54.53,48.54,47.62,48.14,44.2,46.17,44.12,45.8,48.0,48.41,52.85,49.33,48.16,47.2,42.52
2016-10-01 00:00:00,43.2,34.09,34.47,26.0,29.82,26.46,28.63,39.53,38.59,47.29,42.74,38.6,32.81,29.4,29.15,29.18,29.44,34.63,39.93,45.03,45.61,43.88,44.35,27.67
2016-10-02 00:00:00,32.68,31.23,26.28,25.13,24.9,25.03,25.43,26.09,29.7,30.99,29.88,32.38,33.2,26.64,25.01,24.65,25.06,31.65,41.22,49.35,48.4,40.13,40.27,37.59
2016-10-03 00:00:00,30.81,26.11,25.09,24.54,24.59,25.78,36.12,52.23,53.49,53.39,52.75,51.16,50.94,50.07,49.89,50.79,44.95,48.0,51.66,73.0,56.65,49.17,47.44,45.0
2016-10-04 00:00:00,28.58,26.11,24.36,22.29,23.25,25.54,44.48,55.17,53.52,52.2,51.52,51.08,47.04,39.5,31.99,37.41,39.28,44.16,51.28,53.04,49.95,46.66,41.79,33.43
2016-10-05 00:00:00,25.06,23.67,22.45,22.23,22.71,24.3,31.17,48.53,61.15,57.65,54.68,27.51,30.79,30.35,28.8,28.18,29.99,35.0,47.91,55.32,52.84,47.56,40.42,34.27
2016-10-06 00:00:00,34.75,31.6,26.72,28.42,21.49,28.0,46.95,59.33,57.26,58.21,56.14,53.21,51.95,51.59,51.0,49.58,49.83,44.0,46.6,61.19,58.71,40.84,38.89,35.06
2016-10-07 00:00:00,56.09,33.09,31.18,27.94,27.96,36.14,64.92,77.04,76.53,74.51,77.36,77.36,71.52,68.35,68.72,63.16,52.33,56.17,63.96,67.54,59.15,54.83,53.33,53.93
2016-10-08 00:00:00,50.19,42.02,38.12,36.0,29.99,36.25,39.25,43.26,44.15,47.7,46.46,44.13,40.42,37.06,34.42,36.47,37.25,42.69,46.0,52.75,51.5,45.89,45.36,41.89
2016-10-09 00:00:00,36.0,34.31,32.58,29.27,28.72,28.09,29.27,38.6,33.22,38.6,38.07,35.11,32.77,29.54,28.23,28.21,28.8,32.95,41.29,56.74,60.1,49.0,46.27,39.29
2016-10-10 00:00:00,43.32,39.6,35.6,31.59,31.51,37.81,56.69,77.83,76.02,70.16,67.62,64.49,64.77,63.21,61.1,56.74,55.0,57.24,69.94,81.93,71.28,61.25,57.29,53.63
2016-10-11 00:00:00,57.83,48.14,48.87,40.0,35.09,50.0,69.87,81.33,87.4,81.17,84.03,83.97,82.34,73.83,76.01,73.0,65.71,67.46,72.91,105.07,84.94,73.06,70.12,67.61
2016-10-12 00:00:00,50.51,46.26,44.1,33.47,33.13,44.11,62.73,75.98,78.44,79.66,79.57,77.52,71.99,66.5,65.9,63.19,56.4,60.82,66.3,76.15,71.8,60.97,58.6,54.07
2016-10-13 00:00:00,38.23,36.1,34.35,32.71,32.85,34.55,48.1,75.55,77.44,76.53,75.43,65.34,47.32,46.34,45.64,44.4,43.87,62.67,74.52,84.91,73.72,62.95,60.02,42.79
2016-10-14 00:00:00,56.34,31.23,27.19,30.0,40.3,43.61,59.79,76.0,85.0,79.03,78.12,78.04,75.0,71.48,53.4,57.0,59.57,80.0,112.39,194.25,123.02,95.39,77.36,77.13
2016-10-15 00:00:00,56.41,32.3,30.55,29.92,33.9,30.29,29.57,43.89,51.2,47.72,48.39,44.72,43.32,45.41,43.71,39.38,38.22,42.86,49.92,57.05,58.39,45.76,46.55,49.7
2016-10-16 00:00:00,48.86,44.91,35.69,30.59,30.66,30.61,30.91,31.79,36.63,38.66,42.58,41.94,43.42,31.91,30.08,30.44,31.05,41.68,51.26,59.6,61.46,51.55,49.08,51.68
2016-10-17 00:00:00,42.57,30.2,29.32,28.44,28.53,30.46,50.11,85.12,90.69,73.01,67.21,68.15,66.29,66.17,67.35,65.28,63.01,59.94,67.16,81.93,70.32,60.52,66.12,60.0
2016-10-18 00:00:00,54.35,49.67,44.05,41.78,41.74,47.04,65.03,89.97,82.41,83.54,83.84,81.99,71.37,67.4,61.18,62.2,61.29,64.88,72.61,89.57,81.64,62.89,59.27,56.39
2016-10-19 00:00:00,52.97,49.05,43.89,41.77,38.14,45.68,61.21,72.45,75.31,82.23,79.12,77.53,70.67,67.19,65.42,65.18,70.0,70.04,81.55,91.37,77.72,64.6,66.98,66.01
2016-10-20 00:00:00,63.06,54.1,50.36,44.94,44.52,53.01,74.9,97.0,97.48,101.17,90.88,89.68,89.98,82.53,78.48,77.87,75.21,74.64,82.42,100.27,98.25,74.34,71.82,74.0
2016-10-21 00:00:00,66.14,52.75,45.98,43.49,42.25,50.5,71.2,141.42,149.32,145.83,142.97,100.01,113.81,75.75,75.07,72.8,73.77,76.98,85.17,167.53,115.04,75.74,74.7,71.95
2016-10-22 00:00:00,70.0,37.1,37.1,44.75,37.1,35.61,34.55,50.49,61.55,58.82,63.05,61.69,56.3,53.9,46.24,45.91,46.01,51.31,66.19,81.03,71.92,58.1,53.14,54.11
2016-10-23 00:00:00,50.9,44.14,40.71,34.42,32.03,32.14,33.24,41.62,38.09,40.34,41.87,48.37,45.75,40.35,34.97,32.66,34.44,41.27,56.24,72.98,63.56,54.7,53.27,48.57
2016-10-24 00:00:00,44.6,40.92,37.39,36.4,33.01,37.89,52.01,97.14,92.12,82.0,125.09,100.01,127.0,115.37,92.7,85.84,86.62,87.0,140.06,176.16,152.26,74.29,68.5,60.15
2016-10-25 00:00:00,76.74,60.09,53.12,47.65,41.4,46.12,71.04,173.69,227.76,219.67,235.54,213.11,169.77,200.0,299.0,85.56,87.21,91.32,141.07,196.15,179.55,86.04,73.74,61.7
2016-10-26 00:00:00,60.0,51.57,43.92,42.2,42.36,47.8,61.46,88.36,89.19,90.03,87.88,85.95,78.05,76.7,77.16,81.78,73.82,72.9,106.42,145.06,92.23,72.39,62.58,57.05
2016-10-27 00:00:00,52.58,44.86,42.31,39.66,38.98,42.31,51.57,75.69,80.03,77.0,74.78,73.4,63.24,60.91,59.98,59.9,60.56,61.86,77.0,85.87,73.27,58.23,55.69,53.64
2016-10-28 00:00:00,48.03,40.74,38.42,35.68,35.75,38.63,57.33,71.42,76.0,74.56,72.0,68.78,62.15,60.0,57.98,56.28,56.3,61.45,72.5,81.24,68.59,60.0,72.45,71.95
2016-10-29 00:00:00,53.03,47.68,46.0,42.8,39.43,39.99,44.34,51.06,52.78,57.16,67.22,59.16,53.02,51.47,42.78,42.2,44.5,51.16,58.89,65.68,64.45,61.11,55.18,46.17
2016-10-30 00:00:00,45.0,42.87,38.05,31.4,31.45,32.03,32.55,33.35,35.02,36.49,36.99,38.33,37.2,33.9,32.48,33.09,34.64,49.2,57.56,56.65,50.51,39.0,39.0,40.0
2016-10-31 00:00:00,35.36,34.94,34.66,33.92,34.39,40.59,47.43,51.68,50.47,47.38,45.1,44.0,39.0,44.98,44.05,46.48,49.73,59.69,63.5,65.83,56.11,40.26,38.62,38.65
2016-11-01 00:00:00,33.31,33.68,33.31,32.52,32.99,33.31,36.98,41.93,41.09,40.0,39.94,42.3,40.01,38.9,32.91,34.0,39.34,54.02,49.99,67.15,47.4,46.14,45.68,39.93
2016-11-02 00:00:00,43.46,37.15,34.6,34.49,34.6,38.7,56.74,62.02,60.54,59.7,59.57,53.22,51.39,50.35,49.78,48.92,74.2,58.14,108.79,104.94,73.8,54.8,59.85,47.8
2016-11-03 00:00:00,39.9,35.07,34.74,35.87,36.74,39.78,59.0,68.88,56.06,65.49,60.0,68.75,82.79,63.17,63.39,64.66,68.7,87.85,155.83,108.86,79.35,65.66,63.19,58.51
2016-11-04 00:00:00,54.95,50.18,45.88,45.26,45.4,49.72,70.02,92.81,93.1,85.0,82.58,76.6,72.29,70.0,71.78,64.7,72.69,86.98,134.87,107.46,70.0,58.61,54.71,53.29
2016-11-05 00:00:00,37.05,37.07,37.99,35.97,35.54,35.93,38.4,37.02,38.96,39.89,44.72,44.79,46.54,41.14,44.94,38.88,42.65,48.1,44.78,40.91,37.07,35.9,40.0,45.86
2016-11-06 00:00:00,39.66,35.3,35.49,33.16,30.1,29.82,30.89,30.89,33.81,37.88,40.66,41.68,42.55,41.86,37.33,37.0,39.5,49.7,63.25,55.0,46.81,44.61,43.47,41.04
2016-11-07 00:00:00,42.14,41.36,38.16,37.2,36.0,38.96,56.93,74.35,77.77,90.0,72.7,74.46,73.11,86.69,92.33,99.56,110.4,122.46,678.31,336.77,98.65,86.33,68.56,82.46
2016-11-08 00:00:00,45.6,44.2,37.0,36.17,37.13,45.95,81.38,106.16,116.34,125.16,127.92,127.5,105.81,97.5,77.66,74.32,85.37,145.58,579.53,239.73,122.11,78.4,70.54,66.18
2016-11-09 00:00:00,55.3,41.78,38.37,35.64,34.59,39.0,67.68,74.7,85.55,94.72,114.5,99.95,103.0,109.61,103.0,100.08,96.81,109.18,186.32,114.18,110.6,55.55,58.67,60.0
2016-11-10 00:00:00,53.11,51.1,45.41,42.51,43.44,48.62,59.32,79.52,88.74,81.33,81.04,80.14,72.03,72.5,75.06,77.53,78.99,98.85,131.74,107.44,77.03,62.32,56.46,56.15
2016-11-11 00:00:00,43.9,45.61,44.85,43.6,39.32,44.55,49.45,59.06,65.96,65.65,65.77,65.06,62.39,59.87,61.49,61.27,63.34,76.87,77.99,73.1,63.48,63.01,58.87,58.72
2016-11-12 00:00:00,59.09,56.26,49.7,46.47,43.8,44.75,49.03,50.77,55.25,58.21,57.95,58.68,61.91,59.9,60.48,58.44,59.93,69.27,94.57,75.6,65.27,64.76,60.52,55.81
2016-11-13 00:00:00,44.0,37.9,42.26,41.7,38.06,37.52,40.52,45.01,44.0,45.94,53.68,56.26,68.11,60.0,47.38,45.95,45.27,70.84,82.41,68.28,65.75,51.38,51.47,46.7
2016-11-14 00:00:00,44.2,45.94,40.66,38.7,38.7,40.8,71.68,112.84,106.3,114.96,127.92,132.04,169.62,122.94,111.89,105.09,98.0,138.0,696.02,148.6,101.0,74.59,86.72,57.62
2016-11-15 00:00:00,47.53,44.33,38.43,36.09,37.26,40.05,71.93,99.0,100.91,104.7,99.0,99.0,89.98,88.91,87.06,87.96,96.41,132.72,243.24,112.71,85.01,67.07,60.96,49.81
2016-11-16 00:00:00,48.27,36.7,33.4,33.45,33.05,40.61,62.35,74.01,74.8,69.32,66.4,65.07,62.6,63.1,62.45,65.55,72.56,82.55,93.82,77.78,66.85,63.43,57.06,43.27
2016-11-17 00:00:00,52.69,46.96,45.91,33.34,32.43,41.67,59.5,67.04,67.91,66.22,65.56,66.32,61.77,61.86,60.97,59.05,59.79,73.47,75.35,56.43,64.01,43.62,43.62,40.34
2016-11-18 00:00:00,42.72,32.46,29.75,30.35,31.4,31.5,40.82,51.48,51.42,53.77,53.27,50.59,49.32,50.48,50.59,55.43,51.32,60.34,71.89,64.34,53.4,45.63,39.45,46.92
2016-11-19 00:00:00,41.11,37.64,36.53,35.5,32.1,33.23,34.37,46.53,52.26,49.72,43.3,53.91,56.07,49.98,42.61,46.28,47.04,63.27,60.0,43.3,45.72,40.73,42.2,39.48
2016-11-20 00:00:00,37.17,35.1,34.6,31.34,13.64,16.51,26.37,25.9,23.55,32.31,33.59,33.55,43.53,44.09,35.32,32.7,34.99,44.09,50.0,55.0,51.67,51.0,49.84,44.9
2016-11-21 00:00:00,20.44,15.84,16.32,16.99,10.88,20.0,38.71,49.86,49.4,48.04,48.7,48.7,48.29,48.5,48.7,48.1,50.05,59.94,86.35,56.21,58.8,35.1,32.53,35.04
2016-11-22 00:00:00,31.89,31.21,29.28,22.94,19.99,29.38,37.92,53.04,53.17,51.42,50.41,50.75,51.65,50.43,58.15,64.46,64.98,67.39,66.19,65.49,58.42,55.0,53.25,41.99
2016-11-23 00:00:00,40.0,34.94,33.46,32.08,33.54,35.38,46.23,62.05,63.76,64.36,64.43,65.46,59.07,58.98,58.5,58.93,59.0,64.38,66.9,63.91,56.78,50.08,48.36,45.0
2016-11-24 00:00:00,32.66,31.61,30.8,29.58,29.76,32.44,45.31,55.03,56.83,56.54,55.63,55.96,52.9,53.6,54.14,55.17,57.04,60.79,64.81,62.65,61.59,52.87,50.26,47.32
2016-11-25 00:00:00,35.23,32.99,32.02,31.05,31.18,34.85,44.77,57.96,64.16,62.76,59.77,59.18,58.13,56.45,57.22,57.36,58.43,63.02,64.17,62.58,55.49,51.8,49.99,46.68
2016-11-26 00:00:00,42.44,32.79,34.56,34.7,33.0,33.25,38.29,42.22,44.1,46.76,48.92,48.56,47.98,43.97,42.89,40.44,45.3,53.69,59.02,70.04,51.22,42.9,42.89,42.7
2016-11-27 00:00:00,33.47,35.0,32.3,29.59,23.74,27.82,30.41,32.99,39.41,37.48,35.37,38.13,39.75,40.77,34.21,34.2,37.48,49.93,51.0,51.3,47.0,42.77,43.32,34.0
2016-11-28 00:00:00,38.19,30.42,35.56,25.95,26.81,31.96,47.4,67.85,69.95,64.35,62.91,60.54,60.0,57.31,65.67,64.99,66.65,70.78,76.02,73.17,70.5,52.68,57.7,48.29
2016-11-29 00:00:00,36.92,42.2,34.81,34.43,34.89,37.7,67.33,74.64,69.35,67.9,66.75,66.54,64.31,64.33,68.55,70.06,72.0,87.2,200.07,122.56,81.14,52.31,64.08,53.18
